topic,subtopic,calc_type,marks,question_text,answer,difficulty,source_notes
Functions,Properties of Functions,calc,6,"The function $f$ is de´Čüned by $f(x)=\sqrt[3]{2 x+1}$, for $-14 \leq x \leq 13$.
(a) Write down the range of $f$.
(b) Find an expression for $f^{-1}$.
(c) Write down the domain and range of $f^{-1}$.",,,
Functions,Properties of Functions,calc,6,"A tyre manufacturing company has found that the number of tyres it produces, $N$, can be modelled by the function
$$N(t)=3 t-9$$
where $t$ is the number of hours the factory operates per day, with a minimum of 3 hours.
The pro´Čüt the company makes, $P$, in dollars, depends on the number of tyres produced, and is modelled by the function
$$P(N)=60 N-850$$
where $N$ is the number of tyres produced.
(a) Find the company's pro´Čüt or loss if it operates for 6 hours per day.
(b) Find the company's pro´Čüt in terms of the hours of operation per day, $t$.
(c) Determine the number of hours the company needs to operate the factory per day in order to earn a positive pro´Čüt. Give your answer to the nearest hour.",,,
Functions,Properties of Functions,calc,6,"Let $f(x)=x^{3}$ and $g(x)=2 x-1$, for $x \in \mathbb{R}$.
(a) Find $g^{-1}(x)$.
(b) Find $(g \circ f)(x)$.
(c) Solve the equation $(g \circ f)(x)=0$.",,,
Functions,Properties of Functions,no_calc,5,"Let $f(x)=4 x-3$ and $g(x)=2 x$, for $x \in \mathbb{R}$.
(a) Write down the value of $g(5)$.
(b) Find $(f \circ g)(x)$.
(c) Find $(f \circ g)^{-1}(x)$.",,,
Functions,Properties of Functions,no_calc,6,"Let $f(x)=\sqrt{x-3}$, for $x \geq 3$.
(a) Find $f^{-1}(x)$.
Let $g(x)=x^{2}+1$, for $x \in \mathbb{R}$.
(b) Find $(g \circ f)(28)$.
(c) Write down the range of:
(i) $f^{-1}$;
(ii) $g$.",,,
Functions,Properties of Functions,no_calc,5,"The functions $f$ and $g$ are de´Čüned such that $f(x)=\frac{x-2}{3}$ and $g(x)=12 x+4$.
(a) Show that $(g \circ f)(x)=4 x-4$.
(b) Given that $(g \circ f)^{-1}(a)=10$, ´Čünd the value of $a$.",,,
Functions,Quadratics,calc,7,"Let $f(x)=-6 x^{2}+b x+c$, for $x \in \mathbb{R}$, where $b, c \in \mathbb{Z}$.
(a) A horizontal line, $L$, intersects the graph of $y=f(x)$ at $(-1, h)$ and $(5, h)$, where $h \in \mathbb{R}$.
(i) Find the equation of the axis of symmetry of the graph of $y=f(x)$.
(ii) Hence show that $b=24$.
(b) Given $h=-8$, ´Čünd the value of $c$.",,,
Functions,Quadratics,calc,5,Find the equations of the two tangents to the curve $y=2 x^{2}-x+\frac{9}{2}$ that pass through the origin.,,,
Functions,Quadratics,no_calc,5,"Let $f(x)=a(x-h)^{2}+k$, for $x \in \mathbb{R}$.
The vertex of the graph of $f$ is at $\mathrm{P}(3,4)$ and the graph passes through $\mathrm{Q}(1,-4)$.
(a) Write down the values of $h$ and $k$.
(b) Find the value of $a$.",,,
Functions,Quadratics,no_calc,5,"The equation $x^{2}+k x+4=0$ has two equal roots.
Find the possible values of $k$.",,,
Functions,Quadratics,no_calc,5,"(a) Express $2 x^{2}-8 x+9$ in the form $a(x+b)^{2}+c$ where $a, b, c \in \mathbb{Z}$.
(b) Given that $f(x)=x-2$ and $(g \circ f)(x)=2 x^{2}-8 x+9$, ´Čünd $g(x)$.",,,
Functions,Quadratics,no_calc,6,"Let $f(x)=x^{2}-2 x-8$, for $x \in \mathbb{R}$.
(a) Write down the $y$-intercept of the graph of $y=f(x)$.
(b) Solve the equation $f(x)=0$.
(c) Find the equation of the axis of symmetry of the graph of $y=f(x)$.",,,
Functions,Rational Functions,calc,4,"Consider the function $f(x)=\frac{3 x+4}{2 x+k}$.
(a) Write down the domain of $f$ in terms of $k$.
(b) Find $f^{-1}(x)$ in terms of $k$.
(c) Hence write down the value of $k$ such that $f(x)$ is a self-inverse function.",,,
Functions,Rational Functions,no_calc,5,"Consider the function $f(x)=b+\frac{4}{x+a},$ where $a, b \in \mathbb{Z}$.
The equation of the vertical asymptote of $f(x)$ is $x=2$ and $f\left(\frac{2}{3}\right)=0$.
(a) Write down the value of $a$.
(b) Hence, ´Čünd the value of $b$.
(c) Hence, write down the equation of the horizontal asymptote.",,,
Functions,Rational Functions,no_calc,6,"Let $f(x)=\frac{2}{x-a}+b$, for $x \neq a$.
The line $x=1$ is a vertical asymptote of the graph of $y=f(x)$.
(a) Write down the value of $a$.
The graph of $y=f(x)$ passes through the point $\mathrm{P}(0,3)$.
(b) Find the value of $b$.
(c) Find $\lim _{x \rightarrow \infty} f(x)$.",,,
Functions,Exponent and Log Functions,calc,6,"A population of 50 hamsters was introduced to a new town. One month later, the number of hamsters was 62. The number of hamsters, $P$, can be modelled by the function
$$P(t)=50 \times b^{t}, t \geq 0$$
where $t$ is the time, in months, since the hamsters were introduced to the town.
(a) Find the value of $b$.
(b) Calculate the number of hamsters in the town after 6 months.
A wildlife specialist estimates that the town has enough water and food to support a maximum population of 2000 hamsters.
(c) Calculate the number of months it takes for the hamster population to reach this maximum.",,,
Functions,Exponent and Log Functions,calc,6,"The number of French words, $N$, that are remembered by students after the completion of a French language course decreases exponentially over time. This data can be modelled by the function
$$N(t)=a \times b^{-t}+450$$
where $a$ and $b$ are positive constants, and $t$ is the time in years since a student completed the French language course.
Immediately after completion, a student remembers 4200 French words.
(a) Find the value of $a$.
After 4 years a student remembers only 1600 French words.
(b) Find the value of $b$.
The number of French words a student remembers never decreases below a certain number of words, $n$.
(c) Write down the value of $n$.",,,
Functions,Exponent and Log Functions,no_calc,5,"(a) Show that $12 \log _{x} 2=\frac{12}{\log _{2} x}$.
(b) Hence solve the equation $\log _{2} x=8-12 \log _{x} 2$.",,,
Functions,Exponent and Log Functions,no_calc,5,Solve the equation $\log _{5} x-\log _{5} 4=2+\log _{5} 3$ for $x$.,,,
Functions,Exponent and Log Functions,no_calc,5,Find the value(s) of $x$ when $27^{x+2}=\left(\frac{1}{9}\right)^{2 x+4}$.,,,
Functions,Exponent and Log Functions,no_calc,4,"It is given that $\log _{k}\left(\frac{1}{4}\right)=\frac{1}{5}$, where $k>0$. Find the value of
(a) $\log _{k} 16$;
(b) $\log _{k^{2}}\left(\frac{1}{16}\right)$.",,,
Functions,Transformations,calc,7,"Let $f(t)=3 t^{2}+27$, where $t>0$.
The graph of a function $g$ is obtained when the graph of $f$ is transformed by a stretch by a scale of $\frac{1}{9}$ parallel to the $y$-axis, followed by a horizontal translation of 4 and a vertical translation of -5
(a) Find $g(t)$, giving your answer in the form $a(t-b)^{2}+c$.
A particle moves along a straight line so that its velocity in $\mathrm{m} \mathrm{s}^{-1}$, at time $t$ seconds, is given by $g(t)$.
(b) Find the distance the particle travels between $t=7$ and $t=10$.",,,
Functions,Transformations,calc,6,"Let $f(x)=x^{3}$ and $g(x)=5(x-2)^{3}$, for $x \in \mathbb{R}$.
The graph of $g$ can be obtained from the graph of $f$ using two transformations.
(a) Give a full geometric description of each of the transformations.
The graph of $g$ is translated by 4 units in the direction of the positive $x$-axis, and 1 unit in the direction of the negative $y$-axis to give the graph of a function $h$.
The point $\mathrm{P}(1,1)$ on the graph of $f$ is translated to point Q on the graph of $h$.
(b) Find the coordinates of Q.",,,
Functions,Transformations,no_calc,5,"Consider $f(x)=2 \cos \left(x-\frac{\pi}{2}\right)+3$ and $g(x)=4 \cos \left(x+\frac{\pi}{2}\right)+2$.
The function $f$ is mapped onto $g$ by three transformations.
(a) Fully describe each of the transformations and the order in which they must be applied.
A new function is such that $h(x)=g(x)+k$ where $k \in \mathbb{R}$.
(b) Find the minimum value of $k$ such that $h(x) \geq 0$ for all $x$.",,,
Functions,Transformations,no_calc,7,"Consider the functions $f(x)=3 \cos (x)+\frac{9}{2}$ and $g(x)=3 \cos \left(x+\frac{\pi}{3}\right)+A$, where $x \in \mathbb{R}$ and $A<\frac{9}{2}$.
(a) Describe a sequence of two transformations that transforms the graph of $f$ to the graph of $g$.
The $y$-intercept of the graph $g$ is at the point $\left(0, \frac{9}{2}\right)$
(b) Find the range of $g$.",,,
Functions,Transformations,no_calc,6,"Let $f$ and $g$ be functions such that $g(x)=3 f(x-2)+1$, for $x \in \mathbb{R}$.
The graph of $g$ is obtained from the graph of $f$ after the following transformations: a vertical stretch by a factor of $k$, followed by a horizontal translation of $a$ units, followed by a vertical translation of $b$ units.
(a) Write down the value of:
(i) $k$;
(ii) $a$;
(iii) $b$.
Let $h(x)=-2 g(x)$, for $x \in \mathbb{R}$.
The point $\mathrm{P}(3,4)$ on the graph of $g$ is mapped to point Q on the graph of $h$.
(b) Find the coordinates of Q.",,,
Number and Algebra,Binomial Theorem,calc,5,"Consider the expansion of $(x-3)^{8}$.
(a) Write down the number of terms in this expansion.
(b) Find the coe´Čâcient of the term in $x^{6}$.",,,
Number and Algebra,Binomial Theorem,calc,6,"Consider the expansion of $\frac{(x+a)^{7}}{b x}$, where $a>0$. The coe´Čâcient of the term in $x^{5}$ is 2, and the coe´Čâcient of the term in $x^{3}$ is 1690.
Find the value of $a$ and the value of $b$.",,,
Number and Algebra,Binomial Theorem,calc,6,"In the expansion of $p x^{2}(5+p x)^{8}$, the coe´Čâcient of the term in $x^{6}$ is 3402. Find the value of $p$.",,,
Number and Algebra,Binomial Theorem,calc,4,Expand $(2 x-3)^{4}$ in descending powers of $x$ and simplify your answer.,,,
Number and Algebra,Binomial Theorem,no_calc,6,"In the expansion of $(a+b x)^{6}$, the coe´Čâcient of the $x^{3}$ term is -2 times the coe´Čâcient of the $x^{4}$ term.
Determine the value of $\frac{a}{b}$.",,,
Number and Algebra,Binomial Theorem,no_calc,6,"In the expansion $(2 x+1)^{n}$, where $n \in \mathbb{Z}^{+}$, the coe´Čâcient of $x^{3}$ is equal to six times the di´ČÇerence between of the coe´Čâcient of $x^{2}$ and the coe´Čâcient of $x$.
Find the value of $n$.",,,
Number and Algebra,Binomial Theorem,no_calc,4,Expand $(2 x+1)^{4}$ in descending powers of $x$ and simplify your answer.,,,
Number and Algebra,Exponents and Logs,calc,6,"Given that $\log _{b} 3=10$.
(a) Find the exact value of $\log _{b} 81$.
(b) Find the exact value of $\log _{b^{2}} 3$.
(c) Find the value of $b$, giving your answer correct to 3 signi´Čücant ´Čügures.",,,
Number and Algebra,Exponents and Logs,calc,6,"Given that $\log _{a} 2=5$.
(a) Find the exact value of $\log _{a} 32$.
(b) Find the exact value of $\log _{\sqrt{a}} 2$.
(c) Find the value of $a$, giving your answer correct to 3 signi´Čücant ´Čügures.",,,
Number and Algebra,Exponents and Logs,no_calc,6,"Let $\log _{2} a=p, \log _{2} b=q, \log _{2} c=r$. Write down the following expressions in terms of $p, q$ and $r$.
(a) $\log _{2}\left(\frac{a b}{c}\right)$
(b) $\log _{2}\left(\frac{a^{2} c}{b^{3}}\right)$
(c) $\log _{a} b$",,,
Number and Algebra,Exponents and Logs,no_calc,5,"Consider $a=\log _{63} 64 \times \log _{62} 63 \times \log _{61} 62 \times \cdots \times \log _{2} 3$. Given that $a \in \mathbb{Z}$, ´Čünd the value of $a$.",,,
Number and Algebra,Exponents and Logs,no_calc,5,Find the value(s) of $x$ when $27^{x+2}=\left(\frac{1}{9}\right)^{2 x+4}$.,,,
Number and Algebra,Exponents and Logs,no_calc,7,"Find the value of each of the following, giving your answer as an integer.
(a) $\log _{10} 100$.
(b) $\log _{10} 50+\log _{10} 2$.
(c) $\log _{10} 4-\log _{10} 40$.",,,
Number and Algebra,Sequences,calc,6,"Consider the in´Čünite geometric sequence $4480,-3360,2520,-1890, \ldots$
(a) Find the common ratio, $r$.
(b) Find the 20th term.
(c) Find the exact sum of the in´Čünite sequence.",,,
Number and Algebra,Sequences,calc,6,"Only one of the following four sequences is arithmetic and only one of them is geometric.
$$\begin{aligned}
a_{n} & =1,5,10,15, \ldots & c_{n} & =1.5,3,4.5,6, \ldots \\
b_{n} & =\frac{1}{2}, \frac{2}{3}, \frac{3}{4}, \frac{4}{5}, \ldots & d_{n} & =2,1, \frac{1}{2}, \frac{1}{4}, \ldots
\end{aligned}$$
(a) State which sequence is arithmetic and ´Čünd the common di´ČÇerence of the sequence.
(b) State which sequence is geometric and ´Čünd the common ratio of the sequence.
(c) For the geometric sequence ´Čünd the exact value of the eighth term. Give your answer as a fraction.",,,
Number and Algebra,Sequences,calc,7,"The ´Čürst three terms of a geometric sequence are $u_{1}=0.8, u_{2}=2.4, u_{3}=7.2$.
(a) Find the value of the common ratio, $r$.
(b) Find the value of $S_{8}$.
(c) Find the least value of $n$ such that $S_{n}>35000$.",,,
Number and Algebra,Sequences,calc,6,"An arithmetic sequence has $u_{1}=40, u_{2}=32, u_{3}=24$.
(a) Find the common di´ČÇerence, $d$.
(b) Find $u_{8}$.
(c) Find $S_{8}$.1",,,
Number and Algebra,Sequences,no_calc,6,"The ´Čürst three terms of a geometric sequence are $u_{1}=32, u_{2}=-16, u_{3}=8$.
(a) Find the value of the common ratio, $r$.
(b) Find $u_{6}$.
(c) Find $S_{\infty}$.",,,
Number and Algebra,Sequences,no_calc,8,"The ´Čürst three terms of a geometric sequence are $\ln x^{9}, \ln x^{3}, \ln x$, for $x>0$.
(a) Find the common ratio.
(b) Hence, solve $\sum_{k=1}^{\infty} 3^{3-k} \ln x=27$.",,,
Number and Algebra,Proofs,no_calc,6,"(a) Show that $(2 n-1)^{3}+(2 n+1)^{3}=16 n^{3}+12 n$ for $n \in \mathbb{Z}$.
(b) Hence, or otherwise, prove that the sum of the cubes of any two consecutive odd integers is divisible by four.",,,
Number and Algebra,Proofs,no_calc,5,"(a) Prove that $\frac{5}{x^{2}}=\frac{5}{x(x-2)}-\frac{10}{x^{2}(x-2)}$.
(b) Determine the set of numbers $x$ for which the proof in part (a) is valid.",,,
Number and Algebra,Proofs,no_calc,4,Prove that the sum of three consecutive positive integers is divisible by 3.,,,
Statistics and Probability,Statistics,calc,1,"The weights of 75 parcels were recorded. The results are summarised in the table below:
\begin{tabular}{|l|l|l|l|l|}
\hline Weight $(w$ kg $)$ & $0<w \leq 2$ & $2<w \leq 4$ & $4<w \leq 5$ & $5<w \leq 8$ \\
\hline Frequency & 10 & 20 & 15 & 30 \\
\hline
\end{tabular}
1. Calculate the frequency density for each class interval.
2. Estimate the mean weight of the parcels.
3. Draw a frequency density histogram for this data. Label your axes clearly.Marks not speci´Čüed in source",,,
Statistics and Probability,Statistics,calc,1,"The data set of test scores ranging from 1 to 50 is
$\{45,43,50,21,45,42,11,34,37,44,26,27,31,18,4,40,7,5\}$.
1. Draw a histogram for the data using ´Čüve equal-width class intervals: $1-10,11-20,21-30, 31-40, 41-50$.
2. What is the modal class of the histogram?
3. Calculate the mean of the data set.Marks not speci´Čüed in source",,,
Statistics and Probability,Statistics,no_calc,1,"The scores of 25 students on a short mathematics quiz are summarized in the frequency table below:
\begin{tabular}{|c|c|c|c|c|c|c|}
\hline Score (x) & $\mathbf{0}$ & $\mathbf{1}$ & $\mathbf{2}$ & $\mathbf{3}$ & $\mathbf{4}$ & $\mathbf{5}$ \\
\hline Frequency (f) & 2 & 4 & 7 & 6 & 4 & 2 \\
\hline
\end{tabular}
1. Find the lower quartile $\left(Q_{1}\right)$ of the scores.
2. Find the upper quartile $\left(Q_{3}\right)$ of the scores.
3. Calculate the interquartile range (IQR).Marks not speci´Čüed in source",,,
Statistics and Probability,Statistics,no_calc,1,"A student took three quizzes. Her mean score was 7. Her median score was 6. The range of her three scores was 8 marks.
1. Find the number of marks she scored in each of the three quizzes.
2. The student took a fourth quiz. The mean of her four scores was 9. Find her score in the fourth quiz. Marks not speci´Čüed in source",,,
Statistics and Probability,Bivariate Statistics,calc,1,"A gym tracks the number of push-ups, $p$, and the heart rate, $h$, in beats per minute, of nine members after a workout.
The regression line of $h$ on $p$ is $h=2 p+80$. The regression line of $p$ on $h$ is $p=0.4 h-28$.
1. Estimate the heart rate for a member who does 38 push-ups.
2. Find the mean number of push-ups, $\bar{p}$.Marks not speci´Čüed in source",,,
Statistics and Probability,Bivariate Statistics,calc,1,"A dataset records study time $x$ (hours) and test score $y$ (points) for eight students:
\begin{tabular}{c|cccccccc}
$x$ (hours) & 2 & 4 & 5 & 7 & 9 & 12 & 15 & 18 \\
\hline$y$ (points) & 30 & 28 & 25 & 21 & 20 & 17 & 14 & 12
\end{tabular}
1. Using technology, ´Čünd $r$, the regression line $y=a x+b$, and the regression line $x=c y+d$.
2. Predict $y$ at $x=10$ and ´Čünd the residual for $(7,21)$.
3. Using $x$ on $y$, estimate $x$ for $y=16$; then invert $y=a x+b$ to estimate $x$ when $y=16$. Explain the di´ČÇerence.
4. Compute $r^{2}$ and interpret; comment on extrapolating to $x=25$.Marks not speci´Čüed in source",,,
Statistics and Probability,Probability,calc,1,"A travel agency organizes trips to three destinations: Paris (P), Tokyo (T), and New York (N). A survey of 150 clients shows:
- 80 visited Paris, 70 visited Tokyo, 60 visited New York.
- 40 visited both Paris and Tokyo, 30 visited both Paris and New York, 20 visited both Tokyo and New York.
- 10 visited all three.
In a ra´Čäe, a client receives 100 per destination visited; if they visited none, they pay a 50 fee. Let $W$ be the prize amount.
1. Draw a Venn diagram for the destinations visited.
2. Show that the number of clients who visited none of the destinations is 20.
3. Construct the probability distribution table for $W$.
4. Calculate the expected value of $W$.Marks not speci´Čüed in source",,,
Statistics and Probability,Probability,calc,1,"In a factory, $8 \%$ of products are defective. Two products are selected independently at random.
1. Write down the probability that a product is not defective.
2. Find the probability that both products are not defective.
3. Find the probability that exactly one of the two products is defective.
4. Determine whether the events ""´Čürst product is defective"" and ""second product is defective"" are independent.Marks not speci´Čüed in source",,,
Statistics and Probability,Probability,calc,1,"A student is playing with cards of 4 colors: Blue, Green, Orange and Red. Let $B, G, O$ and $R$ be the events of getting a Blue, Green, Orange and Red card respectively. There are 7 blue cards in the deck, twice as many green cards as blue cards, three times as many orange cards as blue cards, and the same number of red cards as blue cards. There are 15 cards that have other colors.
1. Find $P(O)$.
2. Calculate the probability of pulling a blue card or an orange card.
3. The student asks 20 friends to each pick a card at random, note the color, and replace it in the deck. Find the probability that at least 5 of them selected a blue or orange car.
4. Find the expected number of friends selecting a blue or an orange card.Marks not speci´Čüed in source",,,
Statistics and Probability,Probability,calc,1,"In a school, there are 15 students in a math club.
1. Find the number of ways to select 5 students for a competition.
2. Find the number of ways to select 10 students for a project.
3. Find the number of ways to divide the 15 students into three groups of 5 students each, where the order of groups does not matter.Marks not speci´Čüed in source",,,
Statistics and Probability,Probability,calc,1,"A continuous random variable $X$ has probability density function
$$f(x)= \begin{cases}k x e^{-x / 3}, & x \geq 0 \\ 0, & x<0\end{cases}$$
1. Determine the value of the constant $k$.
2. Find $E(X)$ and $\operatorname{Var}(X)$.
3. Show that the mode of $X$ is 3. Then, by solving $\int_{0}^{m} f(x) d x=\frac{1}{2}$, ´Čünd the median $m$ correct to three signi´Čücant ´Čügures (calculator required).
4. Let $Y=2 X+5$. Find $E(Y)$ and $\operatorname{Var}(Y)$.
5. Compute $P(10 \leq Y \leq 20)$.Marks not speci´Čüed in source",,,
Statistics and Probability,Probability,calc,1,"A bag contains 8 marbles: 3 red, 3 blue, and 2 green. A game involves drawing marbles without replacement until either two marbles of the same color are drawn consecutively or all marbles are drawn. Let $Y$ be the number of draws when the game ends.
1. Find the probability that the ´Čürst two draws yield marbles of the same color.
2. Find the probability that the game ends on the third draw due to drawing two consecutive marbles of the same color.
3. Construct the probability distribution of $Y$ for $Y=2,3,4$, given that the game ends on or before the fourth draw due to drawing two consecutive marbles of the same color.
4. Calculate the expected value of $Y$ given this distribution.Marks not speci´Čüed in source",,,
Statistics and Probability,Probability,no_calc,1,"A bag contains 12 cards labeled with the numbers 1 to 12. Three cards are drawn randomly without replacement.
1. Find the probability that the ´Čürst card drawn is even-numbered.
2. Find the probability that the second card drawn is odd-numbered given that the ´Čürst card was even-numbered.
3. Find the probability that all three cards drawn are even-numbered.Marks not speci´Čüed in source",,,
Statistics and Probability,Probability,no_calc,1,"A game involves rolling two fair six-sided dice. Let $A$ be the event that the sum of the dice is 7, and let $B$ be the event that at least one die shows a 4.
1. List the outcomes for event $A$.
2. Find the probability of event $B$.
3. Find the probability of $A \cap B$.
4. Determine whether events $A$ and $B$ are mutually exclusive.Marks not speci´Čüed in source",,,
Statistics and Probability,Probability,no_calc,1,"In a survey of 50 employees, 30 use public transport, 20 use a car, and 5 use both to commute to work. Let $T$ represent the event ""uses public transport"" and $C$ represent the event ""uses a car"".
1. Draw a Venn diagram to represent this information, clearly labeling all regions with the number of employees.
2. Find the probability that a randomly selected employee uses only one mode of transport. Marks not speci´Čüed in source",,,
Statistics and Probability,Probability,no_calc,1,"In a game show, a contestant chooses one of three doors at random. The probability that a prize is behind door A is $\frac{1}{4}$, behind door B is $\frac{1}{3}$, and behind door C is $\frac{5}{12}$. The host, who knows where the prize is, opens one of the other doors which does not contain the prize. The contestant can then either stay with their choice or switch to the remaining closed door.
1. Calculate the probability that the contestant wins if they stay with their initial choice.
2. Determine whether the events $A$: ""the contestant initially chooses door A"" and $W$: ""the contestant wins by switching"" are independent. Marks not speci´Čüed in source",,,
Statistics and Probability,Probability,no_calc,1,"Box $X$ contains 3 white and 2 black balls. Box $Y$ contains $m$ white and 4 black balls, where $m \in \mathbb{N}$. Roll a fair six-sided die. If the result is 1, 2, or 3, two balls are drawn without replacement from Box $X$; otherwise, two balls are drawn without replacement from Box Y . The probability of drawing two white balls from Box Y is $\frac{3}{14}$.
1. Find the value of $m$.
2. Calculate the overall probability that two white balls are drawn.
3. Given that two white balls were drawn, ´Čünd the probability that they were drawn from Box X.Marks not speci´Čüed in source",,,
Statistics and Probability,Probability,no_calc,1,"A box contains 10 marbles: 4 red (R), 3 blue (B), and 3 green (G). Two marbles are drawn randomly without replacement.
1. Write down the probability that the ´Čürst marble drawn is red.
2. Find the probability that the second marble drawn is blue, given that the ´Čürst marble drawn was green.
3. Find the probability that both marbles drawn are of the same color.Marks not speci´Čüed in source",,,
Statistics and Probability,Distributions,calc,1,"A charity ra´Čäe sells tickets, where each ticket has a $5 \%$ chance of winning. Let $W$ be the random variable representing the number of tickets purchased to obtain two winning tickets.
1. Show that $P(W=2)=0.0025$ and ´Čünd $P(W=3)$.
2. Find $E(W)$ and the probability that at most 10 tickets are needed.
3. If the prize is not claimed, its value in week $k$ is $100 \cdot 2^{k-1}$ dollars. Find the smallest $k$ such that the expected prize value for a ticket purchased in week $k$ exceeds 10 dollars.
4. Find the mode(s) of the probability distribution.Marks not speci´Čüed in source",,,
Statistics and Probability,Distributions,calc,1,"A tech company tests microchips for defects, with each chip having a $20 \%$ probability of being defective. Let $Z$ be the number of chips tested until 3 defective chips are found.
1. Show that $P(Z=3)=0.008$ and ´Čünd $P(Z=4)$.
2. Determine the most likely number(s) of chips tested.
3. Find the variance of $Z$.Marks not speci´Čüed in source",,,
Statistics and Probability,Distributions,calc,1,"A mobile app has a feature that successfully loads with probability 0.85 each time it is accessed. A user accesses the feature 8 times in a session. Let $Y$ be the number of times the feature successfully loads.
1. Find the probability that the feature successfully loads exactly 6 times.
2. Find the probability that the feature successfully loads at least 7 times. Marks not speci´Čüed in source",,,
Statistics and Probability,Distributions,calc,1,"The probability that a learner is left-handed is 0.08. A sample of 150 learners is randomly selected from the college. Let $k$ be the expected number of left-handed learners in this sample.
1. Find $k$.
2. Hence, ´Čünd the probability that exactly $k$ learners are left-handed.
3. Hence, ´Čünd the probability that fewer than $k$ learners are left-handed.Marks not speci´Čüed in source",,,
Statistics and Probability,Distributions,calc,1,"The lengths of ´Čüsh caught in a lake are normally distributed with a mean of 45 cm and a standard deviation of 6 cm. A ´Čüsh is considered large if its length exceeds 50 cm.
1. Calculate the probability that a randomly caught ´Čüsh is large.
2. A ´Čüsh is selected at random from those that are large. Find the probability that its length is more than 55 cm.
3. Estimate the interquartile range of the ´Čüsh lengths. Marks not speci´Čüed in source",,,
Statistics and Probability,Distributions,calc,1,"Let $H$ be the height, in cm, of a student in a school. The heights are normally distributed with mean $\mu=165$ cm and variance $\sigma^{2}=64 \mathrm{~cm}^{2}$.
1. Calculate $P(H \leq 157)$.
2. Find the value of $k$ (in cm) such that $P(165-k<H<165+k)=0.60$. Marks not speci´Čüed in source",,,
Statistics and Probability,Distributions,calc,1,"A store places a coupon in $30 \%$ of its products. Assume that each product purchased independently contains a coupon with probability 0.3.
Let $T$ be the number of products that must be purchased until 3 coupons have been obtained (including the product that contains the third coupon).
1. Verify that $P(T=3)=0.027$.
2. Find $E(T)$.
3. Determine the minimum number of products that must be purchased so that the probability of getting at least 3 coupons is greater than 0.6.Marks not speci´Čüed in source",,,
Statistics and Probability,Distributions,no_calc,1,"A discrete random variable $X$ represents the number of successful attempts in a sequence of 5 independent trials, each with a success probability of 0.3. The probability distribution of $X$ follows a binomial distribution.
1. Write down the probability mass function of $X$.
2. Calculate the expected value $E(X)$.
3. Find the variance $\operatorname{Var}(X)$.Marks not speci´Čüed in source",,,
Statistics and Probability,Distributions,no_calc,1,"A discrete random variable $Z$ represents the number of defective items found in a quality control process. The probability distribution of $Z$ is given in the following table:
\begin{tabular}{|c|c|c|c|c|c|}
\hline$z$ & $\mathbf{0}$ & $\mathbf{1}$ & $\mathbf{2}$ & $\mathbf{3}$ & $\mathbf{4}$ \\
\hline$P(Z=z)$ & $k$ & 0.2 & 0.1 & 0.008 & $a$ \\
\hline
\end{tabular}
Let $a=P(Z=4)$, where $Z \sim \operatorname{Bin}(5,0.1)$.
1. Find the values of $k$ and $a$.
2. Calculate $E(Z)$ and $\operatorname{Var}(Z)$.
3. Find the probability that at least 2 defective items are found.Marks not speci´Čüed in source",,,
Geometry and Trigonometry,Trigonometry,calc,5,"In a triangle $\mathrm{ABC}, \mathrm{AB}=6 \mathrm{~cm}, \mathrm{BC}=10 \mathrm{~cm}$ and $\mathrm{CBA}=70^{\circ}$.
(a) Find the area of the triangle.",,,
Geometry and Trigonometry,Trigonometry,calc,4,"In a triangle $\mathrm{ABC}, \mathrm{AB}=4 \mathrm{~cm}, \mathrm{BC}=10 \mathrm{~cm}$ and $\mathrm{C} \hat{\mathrm{BA}}=105^{\circ}$.
(a) Find the area of the triangle $A B C$.
(b) Find AC.",,,
Geometry and Trigonometry,Trigonometry,calc,5,"ABCD is a quadrilateral where $\mathrm{AB}=9 \mathrm{~cm}, \mathrm{BC}=12 \mathrm{~cm}, \mathrm{CD}=11 \mathrm{~cm}, \mathrm{DA}=8.5 \mathrm{~cm}$ and $\mathrm{ABC}=90^{\circ}$. Find ADC, giving your answer correct to the nearest degree.",,,
Geometry and Trigonometry,Trigonometry,calc,7,"Given that $\sin x=\frac{3}{5}$, where $x$ is an acute angle, ´Čünd:
(a) $\cos x$;
(b) $\sin 2 x$;
(c) $\cos 2 x$.",,,
Geometry and Trigonometry,Trigonometry,calc,1,"Let $\sin x=\frac{2}{3}$, where $x$ is obtuse.
(a) Find $\cos x$.
(b) Find $\cos 2 x$. Marks not speci´Čüed in source",,,
Geometry and Trigonometry,Trigonometry,calc,6,"Consider a triangle with sides $\mathrm{AB}=10 \mathrm{~mm}$ and $\mathrm{AC}=8 \mathrm{~mm}$. Given that the area of the triangle is $24 \mathrm{~mm}^{2}$, ´Čünd the possible values for the length of $[\mathrm{BC}]$.2",,,
Number and Algebra,Number Skills,no_calc,6,"Given that $z=\frac{10 \sin \alpha}{3x+y}$, where $\alpha=30┬░$, $x=6$ and $y=46$. (a) Find the exact value of $z$. (b) Write your answer: (i) correct to 2 decimal places; (ii) correct to 3 significant figures; (iii) in the form $a \times 10^{k}$, where $1 \leq a < 10$, $k \in \mathbb{Z}$.","(a) z=5/64; (b)(i) 0.08; (ii) 0.0781; (iii) 7.81├Ś10^{-2}",easy,Math AI Number Skills
Number and Algebra,Number Skills,no_calc,6,"Given $r = 2a - \frac{\sqrt{b}}{c}$, $a=0.975$, $b=4.41$, $c=35$. (a) Calculate r. Albert rounds a, b, c to 1 significant figure and estimates r. (b)(i) Write a, b, c to 1 s.f. (ii) Find Albert's estimate. (c) Find the percentage error in Albert's estimate.","(a) r=1.89; (b)(i) a=1, b=4, c=40; (ii) r=1.95; (c) 3.17%",medium,Math AI Number Skills
Number and Algebra,Number Skills,no_calc,6,"Let $A=\sqrt{\frac{\sin \alpha - \sin \beta}{x^{2}+2y}}$, $\alpha=54┬░$, $\beta=18┬░$, $x=24$, $y=18.25$. (a) Find A (full calculator display). (b) Give to: (i) 3 s.f.; (ii) 3 d.p. (c) Express (b)(i) in the form $a \times 10^{k}$.","(a) 0.028571...; (b)(i) 0.0286; (ii) 0.029; (c) 2.86├Ś10^{-2}",medium,Math AI Number Skills
Number and Algebra,Number Skills,no_calc,6,"Distance formula: $d=\sqrt{(x_2-x_1)^2+(y_2-y_1)^2}$. (a) Find the distance between A(40,Ôłĺ100) and B(1,Ôłĺ2) to 3 s.f. (b) Give to 1 d.p. (c) Write in the form $a \times 10^{k}$.","(a) 105 (3 s.f.); (b) 105.5; (c) 1.055├Ś10^2",easy,Math AI Number Skills
Number and Algebra,Number Skills,no_calc,5,"Known Earth radius: 6378137 m. Jurgen measures 6432400 m. (a) Find the percentage error. (b)(i) Find the circumference Jurgen obtains, to 4 s.f. (ii) Write in the form $a \times 10^{k}$.","(a) 0.851%; (b)(i) 4.042├Ś10^7 m; (ii) 4.042├Ś10^7",medium,Math AI Number Skills
Number and Algebra,Number Skills,no_calc,6,"John has $z = 0.1475$. (a) Write in the form $a \times 10^{k}$. (b) Give z to 2 s.f. (c) Find the percentage error when z is rounded to 2 s.f.","(a) 1.475├Ś10^{-1}; (b) 0.15; (c) 1.69%",easy,Math AI Number Skills
Number and Algebra,Sequences,no_calc,6,"Sequences: $a_n=1,5,10,15,...$; $b_n=\frac{1}{2},\frac{2}{3},\frac{3}{4},...$; $c_n=1.5,3,4.5,6,...$; $d_n=2,1,\frac{1}{2},\frac{1}{4},...$ (a) State the arithmetic sequence and find d. (b) State the geometric sequence and find r. (c) Find the exact 8th term of the geometric sequence as a fraction.","(a) c_n, d=1.5; (b) d_n, r=1/2; (c) u_8=2(1/2)^7=1/64",easy,Math AI Sequences Paper 1
Number and Algebra,Sequences,no_calc,6,"Arithmetic sequence: $u_1=40$, $u_2=32$, $u_3=24$. (a) Find d. (b) Find $u_8$. (c) Find $S_8$.","(a) d=-8; (b) u_8=-16; (c) S_8=96",easy,Math AI Sequences Paper 1
Number and Algebra,Sequences,no_calc,6,"Geometric sequence: $u_5=375$, $u_6=75$. (a) Find the common ratio. (b) Find $u_1$. Sum of first k terms is 292968. (c) Find k.","(a) r=1/5; (b) u_1=234375; (c) k=6",medium,Math AI Sequences Paper 1
Number and Algebra,Sequences,no_calc,6,"Geometric sequence: $u_4=135$, $u_5=81$. (a) Find the common ratio. (b) Find $u_1$. (c) Find $S_{20}$.","(a) r=3/5; (b) u_1=625; (c) S_20=625(1-(3/5)^20)/(2/5)",medium,Math AI Sequences Paper 1
Number and Algebra,Sequences,no_calc,7,"Gym membership starts at ÔéČ450 and increases by ÔéČ22.50/year. (a) Find the cost in year 7. (b) Write the 7-year total in sigma notation. (c) Find the total cost over 7 years. (d) Another gym costs ÔéČ3750 total over 7 years. Which is cheaper and by how much?","(a) ÔéČ585; (b) ╬ú(k=1 to 7)(450+22.5(k-1)); (c) ÔéČ3622.50; (d) First gym cheaper by ÔéČ127.50",medium,Math AI Sequences Paper 1
Number and Algebra,Sequences,no_calc,6,"Arithmetic sequence: 15th term is 21, common difference is Ôłĺ4. (a) Find the first term. (b) Find the 29th term. (c) Find the sum of the first 40 terms.","(a) u_1=77; (b) u_29=-35; (c) S_40=-40",medium,Math AI Sequences Paper 1
Number and Algebra,Sequences,calc,12,"$S_n=2n^2+n$. (a) Find $S_1$ and $S_2$. (b) Find $u_1$ and $u_2$. (c) Find d. (d) Find $u_{10}$. (e) Greatest n where $u_n < 100$. (f) Find n where $S_n=1275$.","(a) S_1=3, S_2=10; (b) u_1=3, u_2=7; (c) d=4; (d) u_10=39; (e) n=25; (f) n=25",hard,Math AI Sequences Paper 2
Number and Algebra,Sequences,calc,16,"Bill hikes: 2.1 km day 1, +0.2 km/day. Trail = 3600 km. (a) Distance day 90. (b) Days to complete trail. (c) Distance on final day. (d) Hours hiked on final day at 5 km/h. Stephen: 1 km day 1, +3%/day. (e) How much further does Bill hike than Stephen on day 90? (f) Day Stephen passes Bill. (g) Days earlier Stephen finishes than Bill.","(a) 19.9 km; (b) solve n/2(4.2+0.2(n-1))=3600; (c) find u_n; (d) time=dist/5; (e) Bill 19.9, Stephen 1(1.03)^89Ôëł13.8, diffÔëł6.1; (f) solve geometrically; (g) subtract finish days",hard,Math AI Sequences Paper 2
Number and Algebra,Sequences,calc,15,"Charles: 20 pushups day 1, +5/day. (a)(i) Day 4 pushups. (ii) Day n formula. (b) Day k he first does 100. (c) Total first 10 days. Swimming: 10000 m week 1, +10%/week for 12 weeks. (d) Week 6 distance. (e) Total distance 12 weeks.","(a)(i) 35; (ii) 5n+15; (b) k=17; (c) 425; (d) 10000(1.1)^5Ôëł16105 m; (e) 10000(1.1^12-1)/0.1Ôëł213843 m",hard,Math AI Sequences Paper 2
Number and Algebra,Financial Mathematics,no_calc,6,"Mia deposits 4000 AUD at 6% nominal, compounded semi-annually. (a) Interest earned over 2.5 years. Ella deposits AUD at 4% nominal compounded monthly; total will be 4000 AUD in 2.5 years. (b) Find Ella's deposit. Give answers to 2 d.p.","(a) Interest = 4000(1.03)^5 - 4000 Ôëł 637.09 AUD; (b) PV = 4000/(1+0.04/12)^30 Ôëł 3536.15 AUD",medium,Math AI Financial Mathematics
Number and Algebra,Financial Mathematics,no_calc,6,"Charlie deposits 8000 CAD at 5% nominal compounded semi-monthly. (a) Interest over 2 years. Oscar's bank pays 6% compounded quarterly; total in 2 years = 8000 CAD. (b) Find Oscar's deposit. Give to 2 d.p.","(a) Interest Ôëł 856.40 CAD; (b) PV Ôëł 7099.29 CAD",medium,Math AI Financial Mathematics
Number and Algebra,Financial Mathematics,no_calc,6,"Charles invests 1000 GBP/month for 30 years at 6.5% p.a. compounded monthly. (a) Future value to nearest pound. After 30 years he receives 1500 GBP/month. (b) Years until monthly payments equal total invested.","(a) Ôëł ┬ú1,164,288; (b) 1500n = 360000 Ôćĺ n=240 months = 20 years",hard,Math AI Financial Mathematics
Number and Algebra,Financial Mathematics,no_calc,6,"Mike wants real value of $5000 after 8 years. Interest: 4.1% p.a. Inflation: 3% p.a. Proposal 1: one-time deposit. Proposal 2: $2000 upfront plus annual payments of $x. (a) Minimum deposit for Proposal 1 (nearest dollar). (b) Minimum x for Proposal 2 (nearest dollar).","(a) solve PV├Ś(1.041)^8 = 5000(1.03)^8 Ôćĺ PVÔëł4343; (b) 2000(1.041)^8 + x((1.041)^8-1)/0.041 = 5000(1.03)^8, solve for x",hard,Math AI Financial Mathematics
Number and Algebra,Financial Mathematics,no_calc,6,"Jeremy invests $8000 at 5.5% compounded annually. (a) Formula for value after n years. (b)(i) Value after 1 year. (ii) After 3 years. (c) Can Jeremy reach $10000 within 5 years for an apartment deposit?","(a) A(n)=8000(1.055)^n; (b)(i) $8440; (ii) Ôëł$9393.10; (c) A(5)Ôëł$10442 > $10000, yes",easy,Math AI Financial Mathematics
Number and Algebra,Financial Mathematics,calc,12,"Lily (50000 AUD at 5% compounded yearly) vs Eva (50000 AUD + 3000 AUD/year). (a) Each total after year 1. (b) Expressions for year n. (c) Year Lily exceeds Eva. (d)(i) Lily's interest after 12 years (2 d.p.). (ii) Eva's earnings after 12 years.","(a) Lily: 52500, Eva: 53000; (b) Lily: 50000(1.05)^n, Eva: 50000+3000n; (c) solve numerically Ôëł year 25; (d)(i) Ôëł39595.79 AUD; (ii) 36000 AUD",hard,Math AI Financial Mathematics Paper 2
Number and Algebra,Financial Mathematics,calc,14,"Ann: $85000 in Bank 1 (3% p.a. monthly) or Bank 2 ($250/month fixed). (a) Each total after year 1. (b) Expressions for year n. (c) Year Bank 1 exceeds Bank 2. (d)(i) Bank 1 interest after 10 years. (ii) Bank 2 interest after 10 years. Round all to nearest whole number.","(a) Bank1Ôëł87578, Bank2=88000; (b) Bank1: 85000(1.0025)^(12n); Bank2: 85000+3000n; (c) solve numerically; (d)(i) Ôëł28933; (ii) 30000",hard,Math AI Financial Mathematics Paper 2
Number and Algebra,Systems of Equations,no_calc,6,"Owl height: $s(t)=at^3+bt^2+ct+d$. Initially 12 m. After 1s: 19.8 m; after 2s: 34.5 m; after 4s: 22.8 m. (a) Write down d. (b)(i) Write system of 3 equations in a, b, c. (ii) Find a, b, c. (c)(i) Find maximum height. (ii) Find time it catches prey.","(a) d=12; (b)(i) a+b+c=7.8; 8a+4b+2c=22.5; 64a+16b+4c=10.8; (ii) solve system; (c)(i) find s(t) at s'(t)=0; (ii) solve s(t)=0",hard,Math AI Systems of Equations
Number and Algebra,Systems of Equations,no_calc,6,"Rocket height: $s(t)=at^2+bt+c$. After 2s: 28.3 m; after 4s: 25.6 m; after 5s: 14.7 m. (a)(i) Write 3 equations. (ii) Find a, b, c. (b) Height of platform. (c) Time for rocket to hit ground.","(a)(i) 4a+2b+c=28.3; 16a+4b+c=25.6; 25a+5b+c=14.7; (ii) aÔëł-1.7, bÔëł12, cÔëł5.9; (b) s(0)Ôëł5.9 m; (c) solve at^2+bt+c=0",medium,Math AI Systems of Equations
Number and Algebra,Systems of Equations,calc,12,"Business A: $P(t)=at^3+bt^2+ct+d$ through (0,2),(4,4),(8,-6),(12,8). (a) Feature suggesting cubic model. (b)(i) State d. (ii) Write 3 equations. (iii) Find a, b, c. Business A does not open when P<0. (c) Find dates Business A will not open. Business B: $P(t)=-0.1t^2+1.2t$. (d) Total time Business B is more profitable.","(a) Has both increasing and decreasing sections/local max and min; (b)(i) d=2; (ii) set up from table values; (iii) solve; (c) find zeros of P(t) when negative; (d) solve P_B>P_A and sum intervals",hard,Math AI Systems of Equations Paper 2
Functions,Linear Equations & Graphs,no_calc,6,"Line $L_1$: $y=\frac{1}{3}x-5$. (a) Write down the y-intercept of $L_1$. (b) Write down the gradient of $L_1$. $L_2$ is perpendicular to $L_1$ and passes through A(2,4). (c) Find the gradient of $L_2$. (d) Find the equation of $L_2$ in the form $ax+by+d=0$, $a,b,d \in \mathbb{Z}$.","(a) -5; (b) 1/3; (c) -3; (d) 3x+y-10=0",easy,Math AI Linear Equations Paper 1
Functions,Linear Equations & Graphs,no_calc,6,"Line $L_1$: $y=0.5x+p$. Point A(2,Ôłĺ1) lies on $L_1$. (a) Find p. $L_2$ is perpendicular to $L_1$ and intersects $L_1$ at A. (b) Find the gradient of $L_2$. (c) Find the equation of $L_2$ in the form $y=mx+c$. (d) Write your answer in the form $ax+by+d=0$, $a,b,d \in \mathbb{Z}$.","(a) p=-2; (b) -2; (c) y=-2x+3; (d) 2x+y-3=0",easy,Math AI Linear Equations Paper 1
Functions,Linear Equations & Graphs,no_calc,6,"$L_1$ passes through A(Ôłĺ8,0) and B(0,4). (a) Write down the coordinates of M, the midpoint of [AB]. (b) Calculate the gradient of $L_1$. $L_2$ is perpendicular to $L_1$ and passes through P(1,2). (c) Find the equation of $L_2$ in the form $y=mx+c$.","(a) M=(-4,2); (b) 1/2; (c) y=-2x+4",easy,Math AI Linear Equations Paper 1
Functions,Linear Equations & Graphs,no_calc,6,"Line $L_1$: $y-3x+5=0$. (a) Find: (i) the x-intercept; (ii) the gradient. $L_2$ passes through P(0,2) and is parallel to $L_1$. (b) Find the equation of $L_2$ in the form $y=mx+c$. $L_3$ passes through Q(3,1) and is perpendicular to $L_1$. (c) Find the gradient of $L_3$. (d) Find the equation of $L_3$ in the form $ax+by+d=0$.","(a)(i) x=5/3; (ii) 3; (b) y=3x+2; (c) -1/3; (d) x+3y-6=0",medium,Math AI Linear Equations Paper 1
Functions,Linear Equations & Graphs,no_calc,6,"$L_1$ passes through A(0,Ôłĺ2) and B(8,0). (a) Write down the midpoint of [AB]. $L_2$ passes through C(0,3) and is parallel to $L_1$. (b) Find the gradient of $L_2$. (c) Find the equation of $L_2$ in the form $y=mx+c$.","(a) (4,-1); (b) 1/4; (c) y=x/4+3",easy,Math AI Linear Equations Paper 1
Functions,Linear Equations & Graphs,calc,17,"Triangle ABC: C(9,5), line (AB): $x+4y=12$. (a) Find coordinates of A and B. (b) Show that |AB|=12.4 to 3 s.f. Point D on (AB); (CD) perpendicular to (AB). (c)(i) Find gradient of (CD). (ii) Find equation of (CD). (d) Find coordinates of D. (e) Calculate length [CD] to 3 s.f. (f) Calculate area of triangle ABC.","(a) A=(12,0), B=(0,3); (b) |AB|=sqrt(144+9)=sqrt(153)Ôëł12.4; (c)(i) 4; (ii) y-5=4(x-9)Ôćĺy=4x-31; (d) solve x+4y=12 and y=4x-31; (e) use distance formula; (f) area=0.5├Śbase├Śheight",hard,Math AI Linear Equations Paper 2
Functions,Properties of Functions,no_calc,5,"Ice cube: $W(t)=28(0.98)^t$, $t \geq 0$ (seconds). (a)(i) Find the initial weight. (ii) Find the percentage of the ice cube dissolving every 5 seconds. (b) Calculate the weight after one minute.","(a)(i) 28 g; (ii) 1-(0.98)^5 Ôëł 9.61%; (b) W(60)=28(0.98)^60 Ôëł 8.44 g",easy,Math AI Applications of Functions Paper 1
Functions,Exponent and Log Functions,no_calc,6,"Australian GDP: $G(t)=1806 \times (1.037)^t$, t years since 1960. (a) GDP per capita in 1960. (b) GDP per capita in 1961. (c) Find the year GDP reaches $100000 USD (nearest year).","(a) $1806 USD; (b) 1806├Ś1.037Ôëł$1872.82; (c) 1806(1.037)^t=100000 Ôćĺ t=ln(100000/1806)/ln(1.037) Ôëł 104 Ôćĺ year 2064",medium,Math AI Applications of Functions Paper 1
Functions,Properties of Functions,no_calc,7,"AB-Tech: $P(n)=40n-130$, $n \geq 12$ months. (a) Total cost for 2 years. (b) Find $P^{-1}(1790)$. YZ-tech: $35 per month, annually only, no discount. YZ-tech is cheaper when $n>k$. (c) Find minimum value of k.","(a) P(24)=40(24)-130=830; (b) P^{-1}(1790)=(1790+130)/40=47.75Ôëł48 months; (c) 35n < 40n-130 Ôćĺ 5n>130 Ôćĺ n>26 Ôćĺ k=26",medium,Math AI Applications of Functions Paper 1
Functions,Quadratics,no_calc,5,"Tunnel entrance: $h(x)=-0.6x^2+3.12x$. (a) Find the axis of symmetry. Carriage: height 3.5 cm, width 2 cm. (b) Determine whether the carriage fits through the tunnel entrance.","(a) x=-b/(2a)=-3.12/(2(-0.6))=2.6; (b) At x=1.3 (half-width from centre): h(1.3)=-0.6(1.69)+3.12(1.3)=3.042 cm < 3.5 cm. No, it doesn't fit.",medium,Math AI Applications of Functions Paper 1
Functions,Properties of Functions,no_calc,5,"Water: $W(t)=40(0.75)^t$, $t \geq 0$ (hours). (a)(i) Initial water. (ii) Percentage leaving each hour. (b) Water remaining after 5 hours.","(a)(i) 40 litres; (ii) 25%; (b) W(5)=40(0.75)^5Ôëł9.49 litres",easy,Math AI Applications of Functions Paper 1
Functions,Quadratics,calc,13,"Cannon-ball: $h(t)=-2t^2+20t+8$, $t \geq 0$. (a) Write down the height of the tower. (b) Calculate the height 5 seconds after firing.","(a) h(0)=8 m; (b) h(5)=-2(25)+100+8=58 m",easy,Math AI Applications of Functions Paper 2
Functions,Properties of Functions,calc,12,"Harbour depth: $w(t)=a\sin(bt)+d$. Max depth 6 m, min depth 0.5 m, period 12 hours. (a) Find a, d, b. (b) Write the equation of w(t). Boating club open 8:00amÔÇô8:30pm. Jacinta can leave when depth < 1.25 m and club is open. (c) Find the times Jacinta can take her boat out (nearest minute). Club extends to 9:45pm in July/August. (d) Does Jacinta have more time in the morning or late evening in July/August?","(a) a=(6-0.5)/2=2.75, d=(6+0.5)/2=3.25, b=2¤Ç/12=¤Ç/6; (b) w(t)=2.75sin(¤Çt/6)+3.25; (c) solve 2.75sin(¤Çt/6)+3.25=1.25 within club hours; (d) compare morning and evening windows",hard,Math AI Applications of Functions Paper 2
Functions,Properties of Functions,no_calc,7,"Cylinder: $r(x)=\frac{56}{x}$, $4 \leq x \leq 16$ (cm). (a) Find the range of r. (b)(i) Find $r^{-1}(8)$. (ii) Interpret $r^{-1}(8)$ in context. (iii) Find the range of $r^{-1}$.","(a) 3.5 ÔëĄ r ÔëĄ 14; (b)(i) r^{-1}(8)=56/8=7; (ii) when radius is 8 cm, height is 7 cm; (iii) 4 ÔëĄ r^{-1} ÔëĄ 16",easy,Math AI Properties of Functions Paper 1
Functions,Properties of Functions,no_calc,5,"$g(x)=3-\frac{12}{x+3}$, $-9 \leq x \leq 9$, $x \neq -3$. (a) Find the range of g. (b) Find $g^{-1}(0)$.","(a) find g at endpoints and asymptote behaviour: g(-9)=3-12/(-6)=5, g(9)=3-12/12=2, range is all except 3, i.e. [-1, 2) Ôł¬ (2, 5] ÔÇö check carefully; (b) g(x)=0 Ôćĺ 3=12/(x+3) Ôćĺ x+3=4 Ôćĺ x=1",medium,Math AI Properties of Functions Paper 1
Functions,Properties of Functions,no_calc,6,"$f(x)=\frac{\sqrt{x+1}}{x^2-4}$, $-1 \leq x \leq 5$, $x \neq 2$. (a) Find the range of f. (b) Find $f^{-1}\left(\frac{2}{5}\right)$.","(a) evaluate at key points: f(-1)=0, f(0)=1/(-4)=-0.25, near x=2 goes to ┬▒Ôł×, f(5)=sqrt(6)/21; range found numerically; (b) f(x)=2/5 Ôćĺ sqrt(x+1)/(x^2-4)=2/5 Ôćĺ solve Ôćĺ x=3",hard,Math AI Properties of Functions Paper 1
Geometry and Trigonometry,3D Geometry & Shapes,no_calc,6,"A cuboid has length 9.6 cm, width 7.4 cm, height 5.2 cm. (a) Calculate the exact volume in cm┬│. (b) Write your answer correct to: (i) two decimal places; (ii) three significant figures. (c) Write (b)(ii) in the form $a \times 10^k$, where $1 \leq a < 10$, $k \in \mathbb{Z}$.","(a) 9.6├Ś7.4├Ś5.2=368.832 cm┬│; (b)(i) 368.83; (ii) 369; (c) 3.69├Ś10^2",easy,Math AI Geometry 3D Shapes
Geometry and Trigonometry,3D Geometry & Shapes,no_calc,6,"A baseball has height 73 mm (diameter). (a) Assuming it is a perfect sphere, calculate its volume in mm┬│ in the form $a \times 10^k$ to 3 s.f. A volleyball has volume $4.64 \times 10^6$ mm┬│. (b) Calculate how many times greater the volleyball volume is than the baseball. Give answer to nearest whole number.","(a) r=36.5, V=(4/3)¤Ç(36.5)┬│Ôëł2.04├Ś10^5 mm┬│; (b) 4.64├Ś10^6 / 2.04├Ś10^5 Ôëł 23",medium,Math AI Geometry 3D Shapes
Geometry and Trigonometry,3D Geometry & Shapes,no_calc,6,"A right cylinder has base diameter 0.4 m and height 2.6 m. (a) Write down the radius in cm. (b) Calculate the area of the base in m┬▓. (c) Calculate the curved surface area in m┬▓.","(a) r=20 cm; (b) A=¤Ç(0.2)┬▓Ôëł0.126 m┬▓; (c) CSA=2¤Ç(0.2)(2.6)Ôëł3.27 m┬▓",easy,Math AI Geometry 3D Shapes
Geometry and Trigonometry,3D Geometry & Shapes,calc,14,"A toy robot: two cylinder legs (height 10 cm, volume 80 cm┬│ each), hemisphere body (diameter 30 cm), cone head (radius 5 cm). Total height 32 cm. (a) Calculate distance between the robot's legs. (b) Calculate volume of hemisphere to nearest cm┬│. (c) Calculate volume of cone. (d) Calculate total surface area to nearest cm┬▓.","(a) ¤Ç r┬▓├Ś10=80 Ôćĺ r┬▓=8/¤Ç Ôćĺ rÔëł1.60 cm, diameterÔëł3.19 cm, distance=30-2(3.19)Ôëł23.6 cm; (b) V=(2/3)¤Ç(15)┬│Ôëł7069 cm┬│; (c) cone height=32-10-15=7 cm, V=(1/3)¤Ç(5)┬▓(7)Ôëł183 cm┬│; (d) sum all surface areas",hard,Math AI Geometry 3D Shapes
Geometry and Trigonometry,3D Geometry & Shapes,calc,14,"Trapezoid ABCD: ABÔłąCD, AB=12 km, CD=8 km, BD=10 km, angle ABD=58┬░. H is on AB closest to D. (a) Find HD. (b) Find length AD. (c) Find angle DAB. A landowner estimates AD=11.5 km. (d) Find percentage error. Bollards along perimeter every 100 m: cone radius 20 cm, height 40 cm. (e) Volume of one bollard. (f) Total volume of concrete for all bollards.","(a) HD=BD sin58┬░Ôëł8.48 km; (b) AD=sqrt(HD┬▓+(AB-BH)┬▓), BH=BD cos58┬░Ôëł5.30, AH=12-5.30=6.70, AD=sqrt(8.48┬▓+6.70┬▓)Ôëł10.8 km; (c) angle=arctan(HD/AH); (d) |11.5-10.8|/10.8├Ś100%; (e) V=(1/3)¤Ç(0.2)┬▓(0.4)Ôëł0.01676 m┬│; (f) find perimeter, divide by 0.1, multiply by V",hard,Math AI Geometry 3D Shapes
Geometry and Trigonometry,3D Geometry & Shapes,no_calc,6,"Large cone: base radius 18 cm, slant height 30 cm. Small cone removed from top: vertical height 8 cm, slant height 10 cm. (a) Find radius of removed cone. (b) Find curved surface area of removed cone. (c) Find curved surface area of remaining solid.","(a) r=6 cm (by similar triangles: r/18=10/30); (b) CSA=¤Ç(6)(10)Ôëł188 cm┬▓; (c) CSA_large=¤Ç(18)(30)=1696 cm┬▓, subtract top, add annular base: 1696-188+¤Ç(18┬▓-6┬▓)Ôëł2734 cm┬▓",medium,Math AI Geometry 3D Shapes
Geometry and Trigonometry,3D Geometry & Shapes,no_calc,6,"Baseball diameter 73 mm, modelled as sphere. (a) Find area of one leather strip (half surface area) in mm┬▓, to 1 d.p. (b) Find circumference in mm to 3 s.f.","(a) SA=4¤Ç(36.5)┬▓Ôëł16741.5 mm┬▓, one stripÔëł8370.8 mm┬▓; (b) C=2¤Ç(36.5)Ôëł229 mm",easy,Math AI Geometry 3D Shapes
Geometry and Trigonometry,Trigonometry,no_calc,6,"Triangle ABC: angle AMC=150┬░, M is midpoint of AB, MBC is isosceles with MC=MB=4 cm. (a) Write down length AM. (b) Find angle CMB. (c) Find angle ABC. (d) Find length CB.","(a) AM=4 cm (MB=4); (b) angle CMB=180-150=30┬░; (c) triangle MBC isosceles: base angles=(180-30)/2=75┬░, so ABC=75┬░; (d) using sine rule in MBC: CB/sin30┬░=4/sin75┬░, CBÔëł2.07 cm",medium,Math AI Trigonometry
Geometry and Trigonometry,Trigonometry,no_calc,6,"Sprinkler sprays arc of 220┬░ with max distance 5 m. (a) Calculate area of grass watered. (b) Calculate length of sprinkler arc edge.","(a) A=(220/360)├Ś¤Ç(5)┬▓Ôëł47.9 m┬▓; (b) L=(220/360)├Ś2¤Ç(5)Ôëł19.2 m",easy,Math AI Trigonometry
Geometry and Trigonometry,Trigonometry,no_calc,6,"Analogue clock diameter 30 cm, shaded between 1 and 6 (150┬░ sector). (a) Find arc length between 1 and 6 to nearest cm. (b) Find area of sector to nearest integer.","(a) L=(150/360)├Ś2¤Ç(15)Ôëł39 cm; (b) A=(150/360)├Ś¤Ç(15)┬▓Ôëł295 cm┬▓",easy,Math AI Trigonometry
Geometry and Trigonometry,Trigonometry,calc,15,"Triangle farm: CA=270 m, CB=360 m, angle ACB=130┬░. (a) Find AB (river distance). (b) Total fencing cost at $130 AUD/m to nearest dollar. (c) Find angles CAB and ABC. (d) Find area of farm to nearest m┬▓. (e) Find shortest distance from C to AB. Tower at B, angle of elevation from C to top H is 1┬░. (f) Find height BH to nearest cm. (g) Find distance AH.","(a) AB┬▓=270┬▓+360┬▓-2(270)(360)cos130┬░Ôëł568┬▓ÔćĺABÔëł568 m; (b) perimeter=270+360+568=1198 m, cost=1198├Ś130Ôëł155740 AUD; (c) sine rule; (d) A=0.5(270)(360)sin130┬░Ôëł37,238 m┬▓; (e) h=2A/AB; (f) BH=BC├Śtan1┬░Ôëł6.28 m; (g) use cosine rule in ABH",hard,Math AI Trigonometry
Geometry and Trigonometry,Trigonometry,calc,8,"Melody walks 200 m on bearing 280┬░, then 150 m on bearing 035┬░. (a) Find distance from tent. (b) Find bearing to return to tent.","(a) use cosine rule with included angle; angle between bearings=360-280+35=115┬░, d┬▓=200┬▓+150┬▓-2(200)(150)cos115┬░ÔëłdÔëł299 m; (b) use sine rule to find direction, then add 180┬░ to reverse",hard,Math AI Trigonometry
Geometry and Trigonometry,Trigonometry,calc,15,"Quadrilateral ABCD: AB=56 m, AD=122 m, CD=40 m, angle ABD=68┬░, angle ADC=80┬░. (a) Find AC. (b) Find area of triangle ACD. (c) Find angle DAC to 1 d.p. (d) Find shortest distance from B to AC. (e) Find perimeter of triangle ABC.","(a) use cosine rule in ABD; (b) A=0.5(AD)(CD)sin80┬░; (c) sine rule; (d) area=0.5├ŚAC├Śh; (e) find BC using sine rule then sum",hard,Math AI Trigonometry
Geometry and Trigonometry,Trigonometry,no_calc,6,"Lighthouse: angle of depression from A to boat at C is 30┬░. Boat travels 50 m to B. Angle of elevation from B to A is 60┬░. (a) Write down x┬░ in diagram. (b) Find height of lighthouse. (c) Find speed of boat in m/s.","(a) x=30┬░; (b) in triangle: tan60┬░=h/d_B, tan30┬░=h/(d_B+50), solve: h=25ÔłÜ3Ôëł43.3 m; (c) time=1 min=60 s, speed=50/60Ôëł0.833 m/s",medium,Math AI Trigonometry
Geometry and Trigonometry,Trigonometry,no_calc,6,"Right pyramid: apex V, square base ABCD, diagonal AC=4 cm, sloping edges 7 cm. (a) Find angle VC makes with base. (b) Find vertical height VO. (c) Find volume of pyramid.","(a) half-diagonal OC=2 cm, cos ╬Ş=2/7 Ôćĺ ╬Ş=arccos(2/7)Ôëł73.4┬░; (b) VO=sqrt(7┬▓-2┬▓)=sqrt(45)=3ÔłÜ5Ôëł6.71 cm; (c) side=AC/ÔłÜ2=2ÔłÜ2, V=(1/3)(2ÔłÜ2)┬▓├Ś3ÔłÜ5=(1/3)(8)(3ÔłÜ5)=8ÔłÜ5Ôëł17.9 cm┬│",medium,Math AI Trigonometry
Geometry and Trigonometry,Trigonometry,calc,7,"Cylinder log: length 1.8 m, radius 9.2 cm. Wedge cut with cross-section sector angle 245┬░. (a) Find arc length ABC. (b) Find area of sector OABC. (c) Find volume of each log.","(a) L=(245/360)├Ś2¤Ç(9.2)Ôëł39.3 cm; (b) A=(245/360)├Ś¤Ç(9.2)┬▓Ôëł181 cm┬▓; (c) V=¤Ç(9.2)┬▓├Ś180Ôëł47,900 cm┬│ (full cylinder)",medium,Math AI Trigonometry
Geometry and Trigonometry,Trigonometry,no_calc,6,"Grand Canyon: M at top Eastern side, P at bottom below M, depth MP=1850 m. Nathan N at bottom Western side, NP=2.5 km. (a) Write MP in km. (b) Label angle of elevation from N to M as x on diagram. (c) Find angle of elevation from N to M. (d) Find MN.","(a) MP=1.85 km; (b) label angle at N; (c) tan x=1.85/2.5 Ôćĺ xÔëł36.4┬░; (d) MN=sqrt(1.85┬▓+2.5┬▓)Ôëł3.10 km",easy,Math AI Trigonometry
Geometry and Trigonometry,Voronoi Diagrams,no_calc,6,"Voronoi diagram with sites A, B, C, D and intersections E and F. (a) Determine the site closest to coordinate (9,6). (b) Determine coordinates of centre of largest empty circle. (c) Calculate area of largest empty circle.","(a) read from diagram ÔÇö point lies in one cell; (b) largest empty circle centred at vertex of Voronoi diagram furthest from all sites; (c) A=¤Çr┬▓ where r is distance from centre to nearest site",medium,Math AI Voronoi Diagrams
Geometry and Trigonometry,Voronoi Diagrams,no_calc,6,"Coffee shops A(-3,5), B(5,3), C(3,9), D(3,-3), E(11,5). Scale: 1 unit = 1 km. (a) Calculate gradient of line segment BE. Incomplete Voronoi diagram shown. (b) Find equation of perpendicular bisector of BE completing the Voronoi cell of B, in form $ax+by+d=0$. (c) Explain the meaning of the Voronoi cell containing B.","(a) gradient BE=(5-3)/(11-5)=2/6=1/3; (b) midpoint BE=(8,4), perpendicular gradient=-3, equation: y-4=-3(x-8) Ôćĺ 3x+y-28=0; (c) the cell represents all points closer to coffee shop B than to any other coffee shop",medium,Math AI Voronoi Diagrams
Geometry and Trigonometry,Voronoi Diagrams,no_calc,6,"Voronoi diagram with rainfall gauges A, B, C, D. Scale 1 unit=1 km. (a) Write down coordinates of missing site B. (b) Calculate area of cell C. (c) Find distance from E(9,8) to nearest gauge. Average monthly rainfall: A=43, B=38, C=56, D=49 mm. (d) Estimate average monthly rainfall at F(1,6).","(a) read from diagram; (b) count grid squares or use coordinate geometry; (c) calculate distance from E to each site, take minimum; (d) F lies in cell of nearest site ÔÇö use that site's rainfall value",medium,Math AI Voronoi Diagrams
Geometry and Trigonometry,Voronoi Diagrams,no_calc,6,"Voronoi diagram with fitness studios A, B, C. Missing studio D. (a) Shade cell of missing studio D. (b) Determine coordinates of D. (c) Jennifer lives equal distance from A and D. Find minimum distance her house could be from both A and C.","(a) identify unassigned region; (b) D is equidistant from nearby sites ÔÇö use perpendicular bisector intersections; (c) minimum distance is at the point on the perpendicular bisector of AD closest to C ÔÇö use coordinate geometry",hard,Math AI Voronoi Diagrams
Statistics and Probability,Statistics,no_calc,6,"Wet days per month in London: 17 13 11 14 13 11 13 12 13 14 16 16. (a) Find: (i) the median; (ii) the minimum and maximum values. Lower quartile=12.5, upper quartile=15. (b) Draw a box-and-whisker diagram.","(a)(i) sort: 11,11,12,13,13,13,13,14,14,16,16,17, median=(13+13)/2=13; (ii) min=11, max=17; (b) box from 12.5 to 15, median line at 13, whiskers to 11 and 17",easy,Math AI Descriptive Statistics
Statistics and Probability,Statistics,no_calc,5,"Aaron's delivery times (days): 4,5,3,2,6,11,4,4,6,7. Find: (a) median; (b) mean; (c) standard deviation.","(a) sorted: 2,3,4,4,4,5,6,6,7,11, median=(4+5)/2=4.5; (b) mean=52/10=5.2; (c) SDÔëł2.46",easy,Math AI Descriptive Statistics
Statistics and Probability,Statistics,no_calc,6,"Sick leave days frequency table: days 2,3,4,5,6,7,8 with frequencies 12,22,24,15,k,3,1. (a) State whether data is discrete or continuous. Mean=4. (b) Find k. Every 5th person in alphabetical list was surveyed. (c) Identify the sampling technique.","(a) discrete; (b) sum of fx=4├Ś(12+22+24+15+k+3+1): 24+66+96+75+6k+21+8=290+6k, total=77+k, mean=(290+6k)/(77+k)=4 Ôćĺ 290+6k=308+4k Ôćĺ 2k=18 Ôćĺ k=9; (c) systematic sampling",medium,Math AI Descriptive Statistics
Statistics and Probability,Statistics,no_calc,6,"Phone calls per hour: 3,5,6,2,4,7,4,9. (a) Find the median. (b) Write down: (i) the mode; (ii) the upper quartile. (c) Find the probability that managers received no more than 5 calls in a randomly chosen hour.","(a) sorted: 2,3,4,4,5,6,7,9, median=(4+5)/2=4.5; (b)(i) 4; (ii) Q3=6.5; (c) values ÔëĄ5: 2,3,4,4,5 Ôćĺ 5 out of 8, P=5/8",easy,Math AI Descriptive Statistics
Statistics and Probability,Bivariate Statistics,calc,6,"Peppy's Pizza: guests x=(45,54,39,51,89,83,90), revenue y=(410,516,423,558,906,843,940) AUD. (a)(i) Calculate Pearson's r. (ii) Comment on result. (b) Write equation of regression line y on x. (c) Estimate revenue for 70 guests (nearest AUD).","(a)(i) rÔëł0.993; (ii) very strong positive linear correlation; (b) yÔëł10.1x-37.1 (approx); (c) y=10.1(70)-37.1Ôëł670 AUD",medium,Math AI Bivariate Statistics
Statistics and Probability,Bivariate Statistics,calc,16,"Peppy's Pizza data (same as above). (a)(i) Find r. (ii) Comment. (b) Regression line y on x. (c) Estimate revenue for 70 guests. Daily maintenance cost $240 AUD, serving one guest costs $5 AUD. (d) Does restaurant profit when serving 45 guests? (e)(i) Expression for total cost serving x guests. (ii) Expression for profit serving x guests. (iii) Minimum guests needed for profit.","(a)(i) rÔëł0.993; (ii) very strong positive; (b) yÔëł10.1x-37.1; (c) Ôëł670 AUD; (d) revenueÔëł410, cost=240+5(45)=465, 410<465, no profit; (e)(i) C=240+5x; (ii) P=y-(240+5x)=10.1x-37.1-240-5x=5.1x-277.1; (iii) 5.1x-277.1>0 Ôćĺ x>54.3 Ôćĺ 55 guests",hard,Math AI Bivariate Statistics
Statistics and Probability,Bivariate Statistics,calc,7,"Milk prices vs distance from Gippsland: x=(12.45,4.25,13.46,9.73,2.55,8.65,8.22,2.96) hundreds km, y=(2.64,2.31,2.69,2.52,2.19,2.55,2.40,2.37) AUD. (a) Find Pearson's r. (b) Comment on r. Regression line y=mx+c. (c)(i) Find m and comment on meaning. (ii) Find c and interpret.","(a) rÔëł0.964; (b) strong positive linear correlation; (c)(i) mÔëł0.030, meaning price increases by ~$0.03 per 100 km further from Gippsland; (ii) cÔëł2.18, base price at Gippsland ÔÇö not meaningful to interpret literally as distance can't be 0 in context",medium,Math AI Bivariate Statistics
Statistics and Probability,Bivariate Statistics,calc,6,"Bondi Beach visitors vs temperature: x=(20,21,22,23,24,25,27,28)┬░C, y=(405,448,481,527,565,601,688,729). (a)(i) Find r. (ii) Find regression line y on x. (b) Estimate visitors at 26┬░C.","(a)(i) rÔëł0.9997; (ii) yÔëł42.3x-436 (approx); (b) y=42.3(26)-436Ôëł664 visitors",medium,Math AI Bivariate Statistics
Statistics and Probability,Probability,no_calc,6,"Bag A: 7 green, 5 orange. Bag B: 3 green, 9 orange. One marble from each bag. (a) Find P(same colour). Marbles returned. Coin flipped: headsÔćĺBag A, tailsÔćĺBag B. (b) Find P(tails and green marble).","(a) P(GG)=(7/12)(3/12), P(OO)=(5/12)(9/12), P(same)=21/144+45/144=66/144=11/24; (b) P(tails)├ŚP(green|B)=(1/2)(3/12)=3/24=1/8",medium,Math AI Probability
Statistics and Probability,Probability,no_calc,14,"100 students: 60 cats, 64 dogs, 61 hamsters, 34 catsÔłędogs, 46 dogsÔłęhamsters, 43 catsÔłęhamsters, 32 all three. (a) Draw Venn diagram. (b) Find number who: (i) like dogs only; (ii) like cats and dogs but not hamsters; (iii) don't like pets. (c) P(exactly two kinds). (d) P(only dogs | only one kind).","(a) use inclusion-exclusion; dogs only=64-34-46+32=16; (b)(i) 16; (ii) 34-32=2; (iii) total in diagram=60+64+61-34-46-43+32=94, so 6 don't like pets; (c) exactly two: (34-32)+(46-32)+(43-32)=2+14+11=27, P=27/100; (d) one kind: cats only=60-34-43+32=15, dogs only=16, hamsters only=61-46-43+32=4, total=35, P(dogs only|one kind)=16/35",hard,Math AI Probability
Statistics and Probability,Probability,no_calc,16,"International students: 22 Spanish, 35 French, 5 Chinese, 6 SÔłęF, 2 FÔłęC, 2 SÔłęC, 1 SÔłęFÔłęC, 2 Chinese only, 7 none. (a) Venn diagram. (b) Total surveyed. (c) Shade SÔłęFÔłęC'. (d) Find n(SÔłęFÔłęC'). (e) P(Spanish), P(Chinese|not French), P(at least two languages). (f) P(both speak Spanish) if two chosen.","(b) total=22+35+5-6-2-2+1+7=60 (check with Venn); (d) SÔłęFÔłęC'=6-1=5; (e)(i) 22/60; (ii) Chinese not French: C only+SÔłęC only=2+(2-1)=3, not French total=60-35+overlaps; (iii) exactly 2 or 3: (6-1)+(2-1)+(2-1)+1=5+1+1+1=8, P=8/60; (f) (22/60)(21/59)",hard,Math AI Probability
Statistics and Probability,Probability,no_calc,6,"100 cartons of eggs, 8 have cracked eggs. Two chosen without replacement. Find P: (a) neither cracked; (b) both cracked; (c) exactly one cracked.","(a) (92/100)(91/99)Ôëł0.840; (b) (8/100)(7/99)Ôëł0.00566; (c) 2├Ś(8/100)(92/99)Ôëł0.149",medium,Math AI Probability
Statistics and Probability,Probability,no_calc,6,"Amanda's maths exam: P(statistics topic)=0.35, P(pass|statistics)=0.3, P(pass|other)=0.8. (a) Complete tree diagram. (b) Find P(Amanda does not pass).","(a) branches: stats(0.35): pass(0.3)/fail(0.7); other(0.65): pass(0.8)/fail(0.2); (b) P(fail)=0.35├Ś0.7+0.65├Ś0.2=0.245+0.130=0.375",easy,Math AI Probability
Statistics and Probability,Distributions,calc,5,"Alex: P(selling policy)=0.45, 8 customers per day. X~B(8,0.45). Find P: (a) at least one policy sold; (b) exactly 2 sold.","(a) P(XÔëą1)=1-P(X=0)=1-(0.55)^8Ôëł1-0.00837Ôëł0.992; (b) P(X=2)=C(8,2)(0.45)^2(0.55)^6Ôëł0.157",medium,Math AI Distributions
Statistics and Probability,Distributions,calc,6,"Multiple choice exam: 20 questions, 4 options each. Jack guesses randomly. X~B(20,0.25). (a) Find expected number correct. (b) P(exactly 4 correct). (c) P(more than 4 correct).","(a) E(X)=20├Ś0.25=5; (b) P(X=4)=C(20,4)(0.25)^4(0.75)^16Ôëł0.190; (c) P(X>4)=1-P(XÔëĄ4)Ôëł0.415",medium,Math AI Distributions
Statistics and Probability,Distributions,no_calc,5,"Biased coin: P(heads)=0.7. Jim pays $20. Gets $k for tails, $0 for heads. Game is fair. Find k.","Fair game: E(gain)=cost Ôćĺ 0├Ś0.7+k├Ś0.3=20 Ôćĺ 0.3k=20 Ôćĺ k=200/3Ôëł$66.67",medium,Math AI Distributions
Statistics and Probability,Distributions,calc,6,"Jessica: 60% free throw success rate, 20 throws. X~B(20,0.6). (a) Write down: (i) distribution; (ii) assumptions. (b) P(exactly 12). P(10 or more). (c) Find E(X) and Var(X).","(a)(i) X~B(20,0.6); (ii) each throw independent, constant probability; (b) P(X=12)Ôëł0.179; P(XÔëą10)Ôëł0.755; (c) E(X)=12, Var(X)=20├Ś0.6├Ś0.4=4.8",medium,Math AI Distributions
Statistics and Probability,Distributions,calc,7,"IMO scores: normal distribution, mean=32, SD=3. (a) P(score>35). Gold medal: top 1/12. (b) Minimum score for gold. (c) IQR of distribution. (d) Minimum score for high-achieving outlier (using IQR).","(a) P(X>35)=P(Z>1)Ôëł0.159; (b) P(X>k)=1/12Ôëł0.0833 Ôćĺ ZÔëł1.383 Ôćĺ k=32+3(1.383)Ôëł36.1; (c) IQR=2├Ś0.6745├Ś3Ôëł4.05; (d) Q3+1.5├ŚIQRÔëł34+1.5(4.05)Ôëł40.1",hard,Math AI Distributions
Statistics and Probability,Distributions,calc,6,"Factory arrival times: normal, mean=42 min, SD=6 min. (a)(i) P(arrives Ôëą50 min after opening). (ii) P(30<X<45). (b) 33 employees arrive Ôëą50 min late. Estimate total employees.","(a)(i) P(XÔëą50)=P(ZÔëą1.333)Ôëł0.0912; (ii) P(30<X<45)=P(-2<Z<0.5)Ôëł0.669; (b) 33/0.0912Ôëł362 employees",medium,Math AI Distributions
Statistics and Probability,Distributions,calc,6,"Sugar in grapes S~N(16,1┬▓). (a) P(15.5<S<16.2). (b) 90% of portions contain less than k grams ÔÇö find k. (c) P(a<S<b)=0.98 with 16-a=b-16 ÔÇö find a and b.","(a) P(15.5<S<16.2)=P(-0.5<Z<0.2)Ôëł0.272; (b) P(S<k)=0.9 Ôćĺ Z=1.282 Ôćĺ k=16+1.282Ôëł17.3; (c) symmetric: P(╬╝-c<S<╬╝+c)=0.98 Ôćĺ Z=2.326 Ôćĺ a=13.67, b=18.33",medium,Math AI Distributions
Statistics and Probability,Distributions,calc,6,"Hagia Sophia visitors: N(5000,750┬▓). (a) P(visitors>4000). (b) Expected days in June with <4000 visitors. N is value where P(visitors<N)=0.25. (c) Find N.","(a) P(X>4000)=P(Z>-1.333)Ôëł0.909; (b) P(X<4000)Ôëł0.091, expected days=30├Ś0.091Ôëł2.73Ôëł3 days; (c) P(X<N)=0.25 Ôćĺ Z=-0.674 Ôćĺ N=5000-0.674(750)Ôëł4495",medium,Math AI Distributions
Statistics and Probability,Distributions,calc,5,"Narcissus seeds: germination rate 75%. Terry sows 5 seeds. X~B(5,0.75). (a) P(at least one germinates). (b) P(exactly 3 germinate).","(a) P(XÔëą1)=1-(0.25)^5Ôëł0.999; (b) P(X=3)=C(5,3)(0.75)^3(0.25)^2Ôëł0.264",easy,Math AI Distributions
Statistics and Probability,Hypothesis Testing,calc,6,"Cat breeds survey: Males (British 34, Persian 13, Siamese 21, Scottish 24), Females (23,18,23,18). (a) Find expected number of female Persians. ¤ç┬▓ test at 5% significance. (b) Find p-value. (c) State whether breed preference is independent of gender.","(a) expected=(31├Ś86/174)... total females=82, total Persian=31, total=174: E=31├Ś82/174Ôëł14.6; (b) use GDC: p-valueÔëł0.49; (c) p>0.05, fail to reject H0, breed preference is independent of gender",medium,Math AI Hypothesis Testing
Statistics and Probability,Hypothesis Testing,calc,6,"Sports preference by gender: Boys (Football 165, Basketball 191, Athletics 203, Swimming 101), Girls (133,145,155,78). ¤ç┬▓ test at 5%. (a) State H0. (b) Expected boys preferring basketball. (c) Find p-value. (d) Conclusion.","(a) H0: sport preference is independent of gender; (b) total basketball=336, total boys=660, total=1171: E=336├Ś660/1171Ôëł189.5; (c) pÔëł0.997; (d) p>0.05, do not reject H0, sport preference is independent of gender",medium,Math AI Hypothesis Testing
Statistics and Probability,Hypothesis Testing,calc,8,"Supermarket: 180 customers, 6 counters. Observed: Mark 25, Jessica 35, Bella 26, Chi Ho 36, Bill 28, Leslie 30. (a) Expected frequencies. ¤ç┬▓ goodness of fit at 5%. (b)(i) H0 and H1. (ii) Degrees of freedom. (iii) ¤ç┬▓ statistic and p-value. (c) Critical value=12.833. Conclusion.","(a) all expected=30; (b)(i) H0: uniform distribution, H1: not uniform; (ii) df=5; (iii) ¤ç┬▓=(25-30)┬▓/30+...=(25+25+16+36+4+0)/30=106/30Ôëł3.53, pÔëł0.619; (c) ¤ç┬▓<12.833, do not reject H0, customer selection is uniformly distributed",medium,Math AI Hypothesis Testing
Statistics and Probability,Hypothesis Testing,calc,6,"Mac vs PC by age group: Mac (Young 20, Middle 25, Older 22), PC (18, 48, 37). (a) Total surveyed. ¤ç┬▓ test at 5%. (b) H0. (c) ¤ç┬▓ statistic. Critical value=5.99. (d) Conclusion.","(a) total=170; (b) H0: computer type is independent of age group; (c) use GDC: ¤ç┬▓Ôëł8.65; (d) ¤ç┬▓>5.99, reject H0, computer preference is not independent of age group",medium,Math AI Hypothesis Testing
Calculus,Differentiation,no_calc,5,"Lithium battery cost: $C(x)=900+18x-0.01x^2-0.0002x^3$, $0 \leq x \leq 150$. (a) Write down the daily cost if no batteries are produced. (b) Find $C'(x)$. (c) Find the marginal cost of producing: (i) 50 batteries; (ii) 100 batteries.",(a) C(0)=900 USD; (b) C'(x)=18-0.02x-0.0006x^2; (c)(i) C'(50)=18-1-1.5=15.5 USD; (ii) C'(100)=18-2-6=10 USD,easy,Math AI Differentiation
Calculus,Differentiation,no_calc,5,"Car tire cost: $C(x)=5000+65x+0.1x^2-0.0005x^3$, $0 \leq x \leq 250$. (a) Write down daily cost if no tires produced. (b) Find $C'(x)$. (c) Find marginal cost of producing: (i) 100 tires; (ii) 200 tires.",(a) C(0)=5000 USD; (b) C'(x)=65+0.2x-0.0015x^2; (c)(i) C'(100)=65+20-15=70 USD; (ii) C'(200)=65+40-60=45 USD,easy,Math AI Differentiation
Calculus,Differentiation,no_calc,6,$f(x)=2x^4+1$. (a) Find $f'(x)$. (b) Find the gradient at $x=-1$. (c) Find the x-coordinate where the normal to the graph has gradient $-8$.,"(a) f'(x)=8x^3; (b) f'(-1)=-8; (c) normal gradient=-8, so tangent gradient=1/8: 8x^3=1/8 Ôćĺ x^3=1/64 Ôćĺ x=1/4",medium,Math AI Differentiation
Calculus,Differentiation,no_calc,6,Ice cream cone surface area: $A=2\pi r^2+\frac{60\pi}{r}$. (a) Find $\frac{dA}{dr}$. (b) Find the value of r that minimizes A.,(a) dA/dr=4¤Çr-60¤Ç/r^2; (b) set to 0: 4¤Çr=60¤Ç/r^2 Ôćĺ r^3=15 Ôćĺ r=\sqrt[3]{15}Ôëł2.47 cm,medium,Math AI Differentiation
Calculus,Differentiation,no_calc,6,Racing car hill: $f(x)=-\frac{1}{4}x^2+5$. (a) Find gradient at $x=2$. (b) Find x where perpendicular gradient equals $\frac{3}{2}$.,"(a) f'(x)=-x/2, f'(2)=-1; (b) perpendicular gradient=3/2, so tangent gradient=-2/3: -x/2=-2/3 Ôćĺ x=4/3",medium,Math AI Differentiation
Calculus,Differentiation,no_calc,6,Cement silo surface area: $A=\frac{48\pi}{r}+3\pi r^2$. (a) Find $\frac{dA}{dr}$. (b) Find r that minimizes A.,(a) dA/dr=-48¤Ç/r^2+6¤Çr; (b) set to 0: 6¤Çr=48¤Ç/r^2 Ôćĺ r^3=8 Ôćĺ r=2 m,medium,Math AI Differentiation
Calculus,Differentiation,no_calc,6,$f(x)=2x^2-bx+c$. (a) Find $f'(x)$. Tangent at $x=-1$ is $y=2x-7$. (b) Find b. (c) Find c.,"(a) f'(x)=4x-b; (b) gradient at x=-1: 4(-1)-b=2 Ôćĺ b=-6; (c) f(-1)=2+6+c=-9 Ôćĺ c=-17... check: y=2(-1)-7=-9, f(-1)=2(1)-(-6)(-1)+c=2-6+c=-9 Ôćĺ c=-5",hard,Math AI Differentiation
Calculus,Differentiation,no_calc,7,"Curve $y=f(x)$ passes through P(2,7) with $f'(x)=4x-3$. (a) Find gradient at P. (b) Find equation of tangent at P. (c) Determine equation of curve.","(a) f'(2)=8-3=5; (b) y-7=5(x-2) Ôćĺ y=5x-3; (c) f(x)=2x^2-3x+C, f(2)=8-6+C=7 Ôćĺ C=5, so f(x)=2x^2-3x+5",medium,Math AI Differentiation
Calculus,Differentiation,no_calc,5,Curve $C$: $y=\frac{3}{4}x^4+\frac{1}{3}x^3-2$. (a) Find $\frac{dy}{dx}$. Point A on C has tangent gradient equal to 4. (b) Find coordinates of A.,"(a) dy/dx=3x^3+x^2; (b) 3x^3+x^2=4 Ôćĺ x=1 (by inspection or GDC), y=3/4+1/3-2=-11/12Ôëł-0.917, A=(1,-11/12)",medium,Math AI Differentiation
Calculus,Integration,no_calc,6,Area A bounded by $y=-\frac{x^2}{6}(x-6)$ and x-axis for $0 \leq x \leq 6$. (a) Sketch and shade region. (b) Write definite integral for A. (c) Find area A.,"(a) sketch curve; (b) $A=\int_0^6 -\frac{x^2}{6}(x-6)\,dx$; (c) A=\int_0^6 (x^2-\frac{x^3}{6})dx... = [x^3/3 - x^4/24]_0^6 = 72-54=18",medium,Math AI Integration
Calculus,Integration,no_calc,7,Curve $y=2(x-3)(x+8)$. (a) Write integral for shaded area A. (b) Find area A. (c) Find area B.,(a) roots at x=-8 and x=3; A=|\int_{-8}^{3} 2(x-3)(x+8)dx|; (b) compute integral: 2\int_{-8}^3 (x^2+5x-24)dx=2[x^3/3+5x^2/2-24x]_{-8}^3; evaluate and take absolute value; (c) identify region B boundaries and integrate similarly,hard,Math AI Integration
Calculus,Integration,calc,8,Rate of change of monthly cost: $C'(q)=0.006q^2-0.48q-12$. (a) Find q that minimizes cost. Company produces 110000 straws (q=110) with cost $88000 (C=88). (b) Find expression for C in terms of q.,"(a) set C'(q)=0: 0.006q^2-0.48q-12=0 Ôćĺ q^2-80q-2000=0 Ôćĺ q=(80+\sqrt{6400+8000})/2=100 thousand straws; (b) C=\int C'dq=0.002q^3-0.24q^2-12q+k; C(110)=88: 0.002(1331000)-0.24(12100)-12(110)+k=88 Ôćĺ 2662-2904-1320+k=88 Ôćĺ k=1650, so C=0.002q^3-0.24q^2-12q+1650",hard,Math AI Integration
Calculus,Integration,no_calc,7,"Bellatrix Aviation: $\frac{dP}{dx}=-0.4x+16$, $x \geq 0$. Previous quarter: P=165 when x=20. (a) Find P in terms of x. (b) Describe how profit changes when manufacturing increases from 40 to 75 jets per quarter.","(a) P=\int(-0.4x+16)dx=-0.2x^2+16x+C; P(20)=-0.2(400)+320+C=165 Ôćĺ -80+320+C=165 Ôćĺ C=-75; P=-0.2x^2+16x-75; (b) dP/dx=-0.4x+16<0 when x>40, so profit decreases as more jets manufactured beyond 40",medium,Math AI Integration
Calculus,Integration,no_calc,6,Curve $y=-x^3+4x^2+x-4$. Three x-intercepts shown. (a) Find $\frac{dy}{dx}$. (b) Coordinates of local maximum. (c) Integral for shaded area. (d) Find shaded area.,"(a) dy/dx=-3x^2+8x+1; (b) set dy/dx=0: 3x^2-8x-1=0 Ôćĺ x=(8┬▒\sqrt{76})/6; evaluate y; (c) identify x-intercepts (x=-1,1,4) and write \int; (d) compute integral between appropriate bounds",hard,Math AI Integration
Functions,Applications of Functions,no_calc,5,"Ice cube: $W(t)=28(0.98)^t$, $t\geq 0$ seconds. (a)(i) Find the initial weight. (ii) Find the percentage dissolving every 5 seconds. (b) Calculate the weight after one minute.",(a)(i) 28 g; (ii) 1-(0.98)^5Ôëł9.61%; (b) W(60)=28(0.98)^60Ôëł8.44 g,easy,Math AI Applications of Functions
Functions,Applications of Functions,no_calc,6,"Australian GDP: $G(t)=1806\times(1.037)^t$, t years since 1960. (a) GDP in 1960. (b) GDP in 1961. (c) Find the year GDP reaches $100000 USD.","(a) $1806; (b) $1872.82; (c) tÔëł104, year 2064",medium,Math AI Applications of Functions
Functions,Applications of Functions,no_calc,7,"AB-Tech: $P(n)=40n-130$, $n\geq 12$. (a) Total cost for 2 years. (b) Find $P^{-1}(1790)$. YZ-tech costs $35/month, no discount. YZ-tech cheaper when $n>k$. (c) Find minimum k.",(a) P(24)=830; (b) 48; (c) k=26,medium,Math AI Applications of Functions
Functions,Applications of Functions,no_calc,5,"Tunnel: $h(x)=-0.6x^2+3.12x$. (a) Find axis of symmetry. Carriage: height 3.5 cm, width 2 cm. (b) Does carriage fit through tunnel?","(a) x=2.6; (b) h(1.3)Ôëł3.04 cm < 3.5 cm, no it does not fit",medium,Math AI Applications of Functions
Functions,Applications of Functions,no_calc,5,"Water: $W(t)=40(0.75)^t$, $t\geq 0$ hours. (a)(i) Initial water. (ii) Percentage leaving each hour. (b) Water after 5 hours.",(a)(i) 40 litres; (ii) 25%; (b) W(5)Ôëł9.49 litres,easy,Math AI Applications of Functions
Functions,Applications of Functions,calc,13,"Cannon-ball: $h(t)=-2t^2+20t+8$, $t\geq 0$. (a) Height of tower. (b) Height 5 seconds after firing. (c) Find maximum height. (d) Time cannon-ball hits ground.","(a) 8 m; (b) 58 m; (c) h'(t)=-4t+20=0Ôćĺt=5, h(5)=58 m; (d) solve -2t^2+20t+8=0ÔćĺtÔëł10.4 s",medium,Math AI Applications of Functions
Functions,Applications of Functions,calc,12,"Harbour depth: $w(t)=a\sin(bt)+d$. Max=6 m, min=0.5 m, period=12 h. (a) Find a, d, b. (b) Write equation. Club open 8am-8:30pm; Jacinta leaves when depth<1.25 m. (c) Find times Jacinta can leave. Club extends to 9:45pm in July. (d) More time morning or evening?","(a) a=2.75, d=3.25, b=¤Ç/6; (b) w(t)=2.75sin(¤Çt/6)+3.25; (c) solve w(t)=1.25 within club hours; (d) compare intervals",hard,Math AI Applications of Functions
